{"cameraMode":{"drawMode":0,"name":"Shaded","section":"Shading Mode"},"sceneLighting":true,"audioPlay":false,"sceneViewState":{"showFog":false,"showMaterialUpdate":false,"showSkybox":false,"showFlares":false,"showImageEffects":false,"showParticleSystems":false},"in2DMode":false,"pivot":{"x":-0.23431462049484254,"y":1.5165150165557862,"z":-1.6651034355163575},"rotation":{"x":0.005380355753004551,"y":0.9800387024879456,"z":-0.1969396471977234,"w":0.026762690395116807},"size":4.0579729080200199,"orthographic":false}