{"cameraMode":{"drawMode":0,"name":"Shaded","section":"Shading Mode"},"sceneLighting":true,"audioPlay":false,"sceneViewState":{"showFog":false,"showMaterialUpdate":false,"showSkybox":false,"showFlares":false,"showImageEffects":false,"showParticleSystems":false},"in2DMode":false,"pivot":{"x":1.568027377128601,"y":-6.665426254272461,"z":-4.319704055786133},"rotation":{"x":0.007725150790065527,"y":0.9205654263496399,"z":-0.39008772373199465,"w":0.018230510875582696},"size":43.65351486206055,"orthographic":false}